supplier_id,quality_score,delivery_score,flexibility_score,innovation_score,esg_score,risk_score,ppm_simulated,otif_simulated,avg_lead_time_days,response_time_hours,warranty_claim_rate,rnd_ratio,scope3_score,digital_maturity_score
GSUP_00586,88.32,86.76,78.18,50.59,54.1,26.42,564.0,0.8602,13.0,28.2,0.0165,0.1061,42.1,2.3
GSUP_00056,86.27,85.03,92.12,59.95,43.62,41.35,162.0,0.7355,6.1,70.2,0.0094,0.1596,39.6,2.0
GSUP_00281,86.91,84.82,86.0,72.45,61.47,39.87,104.0,0.8297,6.9,7.3,0.0206,0.1897,51.6,3.1
GSUP_00412,80.1,85.54,91.05,66.33,49.9,0.0,311.0,0.7271,6.5,3.0,0.0433,0.1386,44.7,3.0
GSUP_00173,96.19,90.74,94.11,43.64,59.82,23.87,109.0,0.8913,6.9,18.1,0.0018,0.0982,43.8,1.9
GSUP_00023,78.84,80.1,88.64,67.83,51.09,38.03,489.0,0.6832,8.7,16.4,0.0348,0.1717,36.8,2.2
GSUP_00019,91.44,89.19,82.6,47.35,52.35,17.9,276.0,0.8595,9.1,11.7,0.0114,0.1242,42.0,1.6
GSUP_00304,82.63,81.21,62.94,52.69,59.33,30.42,1634.0,0.7343,7.6,77.9,0.028,0.139,39.8,1.9
GSUP_00301,85.12,86.73,95.37,62.41,46.04,44.73,299.0,0.8332,8.4,43.5,0.02,0.1394,35.5,2.2
GSUP_00220,91.88,90.46,68.81,44.28,50.37,31.01,417.0,0.8234,11.4,28.0,0.0242,0.1371,41.6,2.2
GSUP_00274,94.44,93.23,74.17,75.08,82.28,19.81,476.0,0.8024,11.6,6.3,0.0068,0.158,74.8,3.2
GSUP_00057,77.91,81.16,68.11,43.9,45.1,34.82,1425.0,0.7833,16.3,33.8,0.0322,0.0912,38.1,1.6
GSUP_00556,87.38,90.77,75.82,69.81,58.98,26.8,136.0,0.7812,9.3,33.2,0.0228,0.1643,50.3,3.2
GSUP_00265,87.15,90.58,68.89,61.94,62.39,32.07,275.0,0.8952,12.0,15.3,0.0142,0.1394,55.7,2.7
GSUP_00085,76.82,80.37,80.67,56.53,57.64,23.18,313.0,0.6893,7.7,64.1,0.0479,0.1516,41.3,2.0
GSUP_00142,89.16,91.46,87.06,61.45,74.23,21.28,217.0,0.8432,5.4,6.4,0.0152,0.1246,58.6,2.3
GSUP_00562,78.59,81.07,79.64,63.78,69.03,46.74,319.0,0.777,6.8,9.5,0.0219,0.1647,67.4,2.3
GSUP_00014,84.17,81.55,70.52,75.59,70.42,32.72,929.0,0.7413,10.4,3.6,0.0113,0.1581,55.9,3.5
GSUP_00092,84.15,79.6,87.53,78.08,52.86,25.54,307.0,0.7025,15.4,40.1,0.0363,0.1774,47.9,3.1
GSUP_00105,84.93,86.76,89.94,46.81,51.59,23.42,351.0,0.8362,6.3,25.3,0.0098,0.0944,46.1,2.3
GSUP_00444,80.92,83.72,61.76,88.73,79.57,41.64,2524.0,0.8101,9.3,11.1,0.0344,0.1963,56.3,3.4
GSUP_00300,90.7,91.17,82.58,75.93,64.6,22.12,138.0,0.9011,8.9,6.3,0.0162,0.1771,53.2,3.4
GSUP_00174,75.89,81.25,91.05,67.15,55.94,42.79,486.0,0.7365,14.6,3.0,0.0147,0.1435,45.5,2.2
GSUP_00064,87.87,81.69,72.57,53.98,55.66,25.29,615.0,0.7564,9.8,6.4,0.0097,0.1128,46.2,2.6
GSUP_00526,82.5,80.61,80.15,62.47,61.67,23.27,92.0,0.7291,17.4,16.5,0.0243,0.1404,45.6,2.9
GSUP_00537,85.65,86.41,80.82,62.34,52.01,33.7,409.0,0.7678,7.0,8.8,0.0334,0.1605,36.0,2.4
GSUP_00386,87.1,91.0,74.43,42.84,56.78,28.17,122.0,0.8761,6.1,9.2,0.0391,0.0935,43.0,2.0
GSUP_00261,80.08,86.78,80.56,64.39,50.7,40.78,1223.0,0.7819,8.0,52.0,0.0056,0.1346,40.1,2.8
GSUP_00550,84.91,85.95,82.55,70.91,58.45,40.6,265.0,0.7857,7.3,19.4,0.0122,0.1484,52.7,3.2
GSUP_00022,85.27,84.0,93.71,63.08,54.69,28.59,238.0,0.7649,6.2,33.4,0.0082,0.1857,52.8,2.3
GSUP_00576,82.06,79.3,81.45,78.09,75.2,38.67,691.0,0.7588,11.1,2.9,0.0299,0.1651,67.1,3.1
GSUP_00078,82.46,82.48,94.32,34.88,43.09,30.14,169.0,0.8146,10.7,12.9,0.0179,0.0698,38.8,1.8
GSUP_00071,87.14,83.54,71.82,80.09,58.98,37.7,156.0,0.7937,10.4,17.7,0.0195,0.1906,42.2,3.5
GSUP_00320,75.98,83.54,79.89,63.4,57.09,39.28,448.0,0.7692,7.6,7.0,0.0146,0.1508,43.6,2.4
GSUP_00288,71.49,74.14,79.12,71.33,58.71,35.77,749.0,0.7168,10.4,5.1,0.0246,0.1454,48.0,3.2
GSUP_00327,82.98,82.01,84.71,61.52,73.56,26.83,442.0,0.776,7.9,51.0,0.0106,0.2,55.7,2.0
GSUP_00599,85.56,88.89,72.17,48.54,49.9,33.24,468.0,0.7637,5.3,69.3,0.0419,0.1158,42.8,2.2
GSUP_00148,95.94,86.1,92.19,51.93,70.1,37.82,241.0,0.7442,8.3,4.0,0.0031,0.1177,59.7,1.8
GSUP_00481,85.28,86.58,81.68,59.21,56.35,40.4,475.0,0.7408,6.1,12.3,0.0121,0.1281,47.8,2.2
GSUP_00069,77.55,78.67,72.11,43.83,61.41,28.2,309.0,0.7226,7.5,78.2,0.0551,0.1335,54.3,1.7
GSUP_00589,71.43,77.52,66.91,52.73,49.7,32.65,211.0,0.7549,11.7,4.1,0.0455,0.1111,35.2,2.1
GSUP_00356,84.5,87.93,66.53,67.85,74.49,24.46,819.0,0.7887,5.4,26.8,0.0263,0.1424,64.3,2.7
GSUP_00565,94.47,88.51,65.01,68.92,64.29,20.25,328.0,0.8034,14.9,88.0,0.0048,0.1404,47.9,2.8
GSUP_00241,76.34,77.2,67.13,40.03,42.97,20.5,246.0,0.7616,9.7,93.8,0.0399,0.1085,29.7,1.4
GSUP_00344,81.95,77.81,87.44,56.36,69.85,43.58,340.0,0.7591,19.7,17.3,0.018,0.1308,58.5,1.9
GSUP_00578,85.91,87.36,64.75,64.61,55.38,26.28,306.0,0.8297,5.7,6.3,0.0234,0.148,50.4,2.9
GSUP_00070,81.14,79.53,80.92,64.14,60.12,40.19,477.0,0.7079,9.7,7.4,0.0379,0.1332,50.5,2.5
GSUP_00424,90.88,92.38,67.11,52.73,61.57,23.69,310.0,0.8014,5.8,54.9,0.0108,0.1265,49.4,2.1
GSUP_00413,89.18,85.67,76.49,63.29,52.77,29.48,34.0,0.7302,11.4,60.2,0.0288,0.1556,43.8,2.7
GSUP_00575,75.82,80.55,76.14,49.02,39.01,31.07,956.0,0.6976,8.2,24.5,0.0445,0.1069,31.9,2.4
GSUP_00091,86.8,80.49,72.2,44.96,64.7,32.17,63.0,0.7195,7.8,36.9,0.0164,0.1222,46.1,2.0
GSUP_00505,89.47,87.37,76.35,75.77,60.56,20.34,229.0,0.8149,11.4,34.3,0.0351,0.1601,42.2,2.6
GSUP_00290,83.24,85.56,79.57,69.3,50.95,32.5,918.0,0.7355,7.3,28.0,0.0063,0.167,40.4,3.1
GSUP_00378,76.77,78.47,78.96,72.94,67.74,52.65,436.0,0.683,7.4,44.1,0.0186,0.1466,54.6,3.4
GSUP_00167,92.45,87.29,85.09,54.75,55.35,32.8,45.0,0.7656,7.0,29.8,0.0135,0.1255,44.3,2.2
GSUP_00277,77.34,79.1,67.2,54.66,55.55,40.51,2858.0,0.7474,10.4,20.3,0.0344,0.1791,47.8,2.7
GSUP_00450,80.18,79.42,81.05,46.53,53.28,22.89,1320.0,0.7484,8.0,8.5,0.0026,0.1726,41.6,1.9
GSUP_00390,87.88,87.05,82.43,57.5,68.22,35.62,580.0,0.8119,7.3,34.7,0.0149,0.1216,57.4,2.3
GSUP_00428,92.14,89.02,81.55,56.67,62.44,33.87,202.0,0.7902,5.4,17.4,0.0149,0.125,49.2,2.1
GSUP_00158,93.37,81.68,67.04,64.36,49.52,31.49,50.0,0.7398,9.3,10.4,0.0089,0.13,48.7,2.7
GSUP_00355,80.65,83.5,86.61,50.82,41.37,36.77,1653.0,0.7218,10.5,40.9,0.0478,0.143,33.5,1.8
GSUP_00466,92.51,89.36,69.02,47.3,63.57,25.54,240.0,0.7899,6.7,30.6,0.0068,0.1114,62.6,1.5
GSUP_00145,83.68,85.09,86.58,53.86,77.3,39.13,955.0,0.8379,7.6,68.5,0.0452,0.1174,63.6,1.7
GSUP_00354,84.61,83.25,78.38,60.06,61.51,46.69,345.0,0.83,6.6,6.3,0.017,0.1225,48.1,2.2
GSUP_00260,82.0,84.77,78.9,70.88,62.54,36.87,283.0,0.8029,6.7,27.1,0.0362,0.2,45.5,2.7
GSUP_00512,92.1,83.58,71.17,49.85,57.41,19.16,1023.0,0.8253,6.8,8.7,0.0072,0.1148,38.7,2.0
GSUP_00518,70.82,79.67,89.59,45.28,54.98,31.74,663.0,0.754,9.0,58.1,0.1007,0.0972,39.0,1.6
GSUP_00549,79.85,82.7,66.92,54.48,57.07,42.53,129.0,0.7071,8.7,4.5,0.0195,0.1176,41.3,2.7
GSUP_00083,92.81,87.72,87.07,84.55,74.31,17.64,58.0,0.8768,14.4,27.6,0.0173,0.1754,61.4,3.2
GSUP_00297,87.89,84.8,63.82,50.29,55.33,32.62,245.0,0.7334,6.3,39.6,0.0161,0.119,41.6,2.0
GSUP_00591,95.24,91.47,84.1,61.73,52.54,21.48,16.0,0.8711,7.5,12.5,0.0153,0.1766,43.0,2.1
GSUP_00442,91.01,90.26,81.3,50.41,63.47,16.7,242.0,0.8014,7.2,76.0,0.0064,0.1397,57.2,1.8
GSUP_00087,82.02,81.6,71.61,58.09,54.95,42.83,329.0,0.7416,8.9,47.6,0.0345,0.1285,43.5,1.9
GSUP_00250,91.17,91.8,55.46,73.78,64.82,33.94,401.0,0.8692,10.8,10.4,0.0278,0.1826,62.3,3.0
GSUP_00139,91.21,88.51,65.03,79.73,75.35,14.29,172.0,0.8103,6.0,2.2,0.0126,0.1705,54.4,3.4
GSUP_00090,77.15,79.59,69.6,79.55,74.21,42.36,2803.0,0.7064,7.2,10.4,0.0354,0.1649,58.6,2.9
GSUP_00248,82.3,77.8,92.92,72.79,74.6,38.86,142.0,0.7004,10.8,9.9,0.0205,0.2,57.0,2.8
GSUP_00123,79.56,85.08,79.71,55.65,64.4,43.07,560.0,0.7668,7.3,55.0,0.0037,0.1185,56.2,1.7
GSUP_00231,99.42,93.72,74.27,53.25,63.69,23.84,42.0,0.9315,4.3,84.0,0.0002,0.1143,39.8,2.5
GSUP_00204,70.4,75.93,90.0,51.24,53.67,56.29,1369.0,0.7364,8.7,3.8,0.063,0.194,35.7,2.3
GSUP_00273,69.23,74.09,84.11,65.78,52.78,41.89,4850.0,0.6808,9.3,17.3,0.0328,0.1344,41.7,2.2
GSUP_00527,86.28,80.43,71.28,50.36,41.53,30.01,721.0,0.7077,9.8,21.1,0.0108,0.1293,41.0,1.9
GSUP_00446,87.02,88.27,70.72,74.97,71.34,20.26,330.0,0.8577,5.9,4.3,0.0541,0.2,58.2,3.5
GSUP_00243,74.02,78.44,74.15,44.55,56.54,30.12,531.0,0.6852,8.9,13.4,0.0139,0.1034,38.5,1.7
GSUP_00391,80.99,79.74,82.24,38.9,41.95,25.34,1052.0,0.703,9.0,11.2,0.0193,0.0778,27.6,1.6
GSUP_00097,86.24,84.96,59.93,73.55,64.82,33.58,1220.0,0.7688,7.9,20.4,0.0016,0.1565,60.2,2.8
GSUP_00110,87.03,84.09,88.13,78.88,58.39,28.57,1884.0,0.8258,17.1,28.0,0.0068,0.1601,43.6,3.3
GSUP_00193,83.66,84.25,81.92,59.92,69.73,36.2,259.0,0.7328,6.3,31.2,0.0327,0.1306,51.1,2.9
GSUP_00498,91.52,90.28,77.37,63.81,65.93,15.06,1234.0,0.784,14.0,5.5,0.0105,0.1588,60.1,3.0
GSUP_00263,83.45,81.84,71.76,77.33,76.45,25.17,135.0,0.7562,9.2,42.2,0.0314,0.1662,66.2,3.4
GSUP_00025,82.78,82.95,77.02,62.93,67.1,25.0,188.0,0.7394,11.2,29.2,0.0451,0.1372,60.0,2.4
GSUP_00237,79.57,84.96,73.94,60.25,44.21,56.42,86.0,0.7947,7.7,54.8,0.0205,0.1368,30.6,2.4
GSUP_00076,81.21,80.66,71.03,45.04,66.08,33.54,189.0,0.7402,8.7,16.3,0.0092,0.1075,45.2,1.7
GSUP_00548,83.76,80.22,61.71,58.97,50.66,33.39,745.0,0.7342,13.3,55.8,0.0225,0.1567,41.2,2.8
GSUP_00572,90.22,86.42,90.05,46.72,57.78,28.19,588.0,0.7491,12.5,50.2,0.0156,0.1008,47.9,2.1
GSUP_00381,86.52,80.59,83.11,85.67,76.88,48.09,689.0,0.7021,7.7,15.8,0.023,0.2,63.3,3.4
GSUP_00479,88.57,90.76,80.49,40.01,58.62,12.36,414.0,0.8832,5.5,13.5,0.041,0.0967,54.3,1.1
GSUP_00106,75.03,75.16,86.9,84.57,58.97,39.34,548.0,0.7387,10.0,66.8,0.0854,0.1763,38.5,3.4
GSUP_00179,82.47,87.58,76.4,61.39,69.34,16.27,653.0,0.7753,12.4,32.1,0.0247,0.1298,59.8,2.9
GSUP_00137,81.63,77.8,76.53,59.72,59.72,12.05,393.0,0.6746,8.6,65.2,0.019,0.1284,42.3,2.4
GSUP_00324,86.71,85.87,63.89,75.98,66.08,23.54,772.0,0.7368,9.0,40.3,0.0099,0.1715,57.1,2.7
GSUP_00247,94.33,90.68,69.48,55.71,53.29,29.75,290.0,0.8535,8.6,24.6,0.0135,0.1167,40.3,1.8
GSUP_00152,84.4,85.31,81.16,60.36,66.81,24.23,563.0,0.8166,10.5,5.0,0.0122,0.1713,49.4,2.3
GSUP_00252,79.31,82.64,85.2,69.12,73.76,39.51,514.0,0.7486,9.0,10.3,0.0432,0.1554,56.0,3.2
GSUP_00218,85.19,84.17,66.85,40.15,47.77,33.22,1001.0,0.8013,7.7,85.2,0.0252,0.1308,31.0,2.1
GSUP_00130,82.41,81.92,97.69,43.98,54.34,32.83,252.0,0.784,16.9,11.2,0.0165,0.0889,43.7,2.2
GSUP_00109,82.79,85.15,92.24,72.17,72.91,45.71,253.0,0.8432,8.8,4.3,0.0259,0.1527,54.5,3.1
GSUP_00065,85.89,86.55,71.28,44.09,43.53,25.13,650.0,0.7441,9.6,31.5,0.0177,0.0886,38.8,1.8
GSUP_00038,85.61,84.16,86.07,59.22,67.15,35.75,319.0,0.7397,7.4,33.8,0.0135,0.1248,56.9,2.5
GSUP_00077,75.13,81.65,79.95,49.92,65.92,19.91,1742.0,0.7024,10.0,10.1,0.0194,0.1395,61.2,2.0
GSUP_00482,68.82,74.91,69.13,54.28,55.55,44.1,538.0,0.7343,8.9,10.5,0.0594,0.1093,46.3,2.4
GSUP_00228,95.41,90.26,69.05,60.35,74.08,22.65,310.0,0.8745,5.8,17.2,0.0047,0.1322,61.9,2.3
GSUP_00338,81.16,84.51,83.82,80.39,77.17,22.24,1401.0,0.7912,9.9,2.5,0.0177,0.1633,68.7,3.4
GSUP_00511,94.9,92.91,82.46,41.24,49.77,28.66,96.0,0.8014,6.6,39.4,0.0049,0.0933,36.7,1.3
GSUP_00357,94.26,88.9,68.5,50.82,47.59,18.81,127.0,0.7921,8.7,11.2,0.008,0.1381,30.6,1.8
GSUP_00529,85.61,81.81,80.1,64.89,53.07,49.97,183.0,0.7319,7.6,48.1,0.0353,0.1493,43.5,2.9
GSUP_00401,74.96,80.43,87.21,64.68,70.36,14.05,265.0,0.7513,9.7,40.9,0.0233,0.1561,49.2,3.0
GSUP_00308,77.44,73.41,75.0,44.02,64.48,41.74,811.0,0.6524,10.1,28.0,0.0305,0.0966,63.9,1.8
GSUP_00547,85.44,82.47,78.31,64.57,60.35,32.97,167.0,0.71,9.2,11.4,0.0374,0.1869,55.6,2.1
GSUP_00582,79.67,80.77,74.61,60.4,56.69,33.13,1300.0,0.7751,7.9,19.4,0.0236,0.1455,56.2,2.8
GSUP_00232,83.0,85.31,83.76,54.51,60.74,27.62,819.0,0.7634,9.7,16.1,0.0128,0.12,48.9,2.4
GSUP_00517,69.57,74.91,74.41,66.09,71.46,43.43,318.0,0.6876,12.9,11.9,0.0369,0.1433,59.9,2.6
GSUP_00118,90.06,92.47,59.35,56.47,62.56,37.85,384.0,0.8037,5.4,47.2,0.0182,0.1631,47.7,2.4
GSUP_00068,83.47,79.83,92.44,76.17,85.55,17.6,463.0,0.7746,8.1,17.9,0.015,0.1695,72.9,3.0
GSUP_00404,80.14,78.4,66.2,55.49,65.5,28.35,152.0,0.7329,10.6,44.9,0.0259,0.1355,46.3,2.2
GSUP_00563,96.65,89.32,64.86,52.18,44.75,14.37,56.0,0.8801,8.7,4.7,0.0072,0.1152,23.1,2.5
GSUP_00463,79.93,80.11,83.44,64.88,64.66,25.03,360.0,0.7405,10.6,5.6,0.0348,0.1348,47.8,2.3
GSUP_00276,96.14,91.05,65.96,62.67,68.42,28.04,168.0,0.9025,8.2,92.9,0.0008,0.1511,47.5,2.1
GSUP_00089,77.56,85.52,89.28,60.04,58.53,41.46,686.0,0.8414,7.4,23.3,0.0499,0.1388,54.2,1.9
GSUP_00124,75.5,77.08,72.17,68.94,64.07,49.78,814.0,0.7219,9.1,19.1,0.0185,0.1518,60.3,2.6
GSUP_00164,92.24,82.81,90.55,60.86,44.69,35.09,380.0,0.8199,7.3,19.8,0.0063,0.1413,28.7,2.1
GSUP_00375,79.42,80.54,63.79,73.21,62.49,42.99,908.0,0.7236,7.4,7.8,0.0303,0.1511,56.4,2.6
GSUP_00245,88.72,85.28,76.42,53.79,52.65,15.94,480.0,0.7716,9.5,32.4,0.0207,0.1392,46.9,1.7
GSUP_00035,91.51,92.09,86.32,61.76,58.09,41.46,402.0,0.789,4.9,4.1,0.0283,0.1827,38.6,2.2
GSUP_00180,91.41,87.81,81.53,59.89,59.82,25.85,115.0,0.824,13.8,22.4,0.0053,0.1641,45.9,2.2
GSUP_00464,81.17,79.5,66.68,68.45,68.97,45.9,1286.0,0.7618,12.4,22.3,0.0311,0.1447,52.3,2.3
GSUP_00461,86.66,82.14,82.05,44.75,39.53,18.26,397.0,0.7935,12.4,60.9,0.0269,0.0999,35.4,1.9
GSUP_00415,87.31,86.57,87.73,78.97,83.67,27.96,738.0,0.7553,12.8,19.9,0.0147,0.191,60.8,3.2
GSUP_00567,69.17,74.44,70.67,58.7,66.85,52.51,747.0,0.6823,9.7,5.5,0.0854,0.1355,53.0,1.9
GSUP_00369,86.02,85.42,71.5,58.02,72.34,31.64,105.0,0.7487,11.5,22.4,0.0455,0.1319,54.4,2.4
GSUP_00564,91.01,84.86,67.17,37.68,46.1,21.5,247.0,0.8056,6.5,4.3,0.0151,0.1276,39.2,2.0
GSUP_00186,91.86,88.93,82.93,61.28,69.32,40.49,124.0,0.7769,5.3,7.5,0.0036,0.1379,54.4,2.9
GSUP_00114,90.13,90.74,80.78,37.19,55.78,16.0,425.0,0.8944,9.5,2.8,0.0042,0.0889,41.9,1.0
GSUP_00359,86.66,79.72,80.24,50.05,54.01,32.55,310.0,0.7052,7.3,19.3,0.0207,0.101,42.1,2.3
GSUP_00364,91.07,84.55,80.32,48.65,50.33,35.5,613.0,0.7556,19.5,4.1,0.0156,0.0987,50.4,1.8
GSUP_00451,82.33,81.86,77.24,51.92,49.9,55.23,677.0,0.8003,10.0,17.2,0.045,0.104,37.8,1.6
GSUP_00468,95.29,93.93,73.93,64.7,65.55,19.59,173.0,0.863,8.4,66.9,0.0068,0.1783,47.2,2.4
GSUP_00037,91.28,92.3,78.72,59.89,56.16,23.91,145.0,0.7878,5.4,32.5,0.0106,0.1303,47.8,2.2
GSUP_00200,83.32,80.54,69.63,54.46,75.89,29.73,2129.0,0.7443,10.3,3.9,0.0262,0.1216,60.0,2.2
GSUP_00052,83.69,87.46,86.87,43.14,55.94,34.3,957.0,0.7545,5.6,8.1,0.0226,0.1236,37.7,1.9
GSUP_00478,85.73,89.16,88.48,43.38,36.33,36.26,755.0,0.8897,10.6,28.9,0.0143,0.1056,40.2,2.0
GSUP_00452,87.84,88.14,80.92,70.11,61.98,40.57,189.0,0.8269,5.9,56.0,0.0378,0.159,47.8,2.6
GSUP_00082,91.81,88.47,77.63,58.61,57.18,35.12,220.0,0.786,8.9,2.8,0.0128,0.1242,43.9,2.2
GSUP_00362,95.61,90.74,61.4,54.63,55.41,20.0,70.0,0.848,5.6,42.2,0.002,0.1452,45.1,2.0
GSUP_00256,81.91,81.34,65.03,81.5,83.81,42.78,437.0,0.7008,6.9,21.8,0.0246,0.1666,75.7,3.1
GSUP_00101,82.51,80.12,79.12,58.89,65.17,35.62,93.0,0.7771,8.9,21.0,0.0396,0.1189,43.7,2.9
GSUP_00216,79.62,79.19,76.46,59.73,61.16,43.89,540.0,0.783,7.7,78.0,0.035,0.1237,50.3,2.7
GSUP_00383,79.65,79.32,89.51,53.98,59.17,44.4,652.0,0.7783,11.1,35.0,0.0179,0.1142,57.8,2.6
GSUP_00007,87.46,83.85,86.88,73.11,60.85,47.42,190.0,0.7557,7.0,47.5,0.0389,0.1529,49.3,3.1
GSUP_00536,82.48,78.35,95.13,51.22,63.25,31.71,363.0,0.7043,8.6,12.5,0.0351,0.1246,44.4,2.0
GSUP_00523,82.51,87.05,90.93,65.98,58.55,27.17,1141.0,0.7445,8.1,21.4,0.0112,0.1369,43.7,2.5
GSUP_00387,82.91,82.4,80.94,73.67,74.72,38.3,81.0,0.7809,7.5,24.9,0.0081,0.1699,60.8,2.9
GSUP_00346,81.36,79.3,82.8,62.67,54.95,47.36,947.0,0.7377,8.6,11.3,0.0166,0.1273,50.6,2.4
GSUP_00008,78.2,74.58,75.57,45.77,56.22,39.11,146.0,0.6853,13.2,22.3,0.0038,0.0947,43.3,2.2
GSUP_00440,95.85,93.05,93.39,57.96,54.13,36.64,38.0,0.9176,5.0,8.5,0.0119,0.1301,47.4,2.3
GSUP_00472,80.97,79.66,80.54,47.09,61.83,42.52,143.0,0.6972,7.3,5.7,0.0242,0.1452,42.3,1.7
GSUP_00043,86.89,84.92,72.39,42.02,65.31,29.07,622.0,0.723,7.2,13.2,0.0066,0.1233,45.0,2.0
GSUP_00249,86.41,82.19,92.82,62.31,61.59,37.77,234.0,0.7076,8.2,34.3,0.0184,0.1939,46.9,2.8
GSUP_00195,86.21,86.6,83.83,48.17,58.44,26.57,1018.0,0.7651,8.0,61.5,0.0062,0.1174,53.9,1.8
GSUP_00470,93.95,90.32,87.37,60.94,72.79,28.32,273.0,0.7722,6.3,16.7,0.0137,0.1444,58.6,2.6
GSUP_00587,81.41,75.51,70.17,51.36,62.86,25.91,107.0,0.6988,12.6,26.7,0.0352,0.1223,51.7,1.6
GSUP_00593,76.86,82.15,73.02,65.58,56.84,36.24,1002.0,0.737,6.7,4.6,0.0453,0.1507,46.9,2.7
GSUP_00112,85.36,87.08,85.23,45.27,52.93,41.19,81.0,0.7638,7.3,58.4,0.0212,0.0937,47.9,1.4
GSUP_00183,76.0,78.7,55.99,44.66,65.93,46.06,1160.0,0.7575,8.7,22.2,0.0415,0.105,49.7,1.3
GSUP_00449,78.64,78.4,71.32,61.57,57.85,43.37,186.0,0.6904,10.4,38.4,0.0241,0.1329,49.7,2.6
GSUP_00168,97.44,94.55,81.6,71.96,69.07,25.79,92.0,0.9012,14.3,40.0,0.0053,0.1556,51.1,2.7
GSUP_00211,89.12,87.26,68.85,68.79,62.61,30.86,578.0,0.7875,7.7,9.1,0.022,0.1524,60.0,3.0
GSUP_00484,79.68,80.41,84.3,46.71,55.21,23.36,1943.0,0.7452,19.9,20.1,0.0301,0.0962,40.2,2.3
GSUP_00528,92.36,86.32,86.9,89.45,85.51,25.86,414.0,0.8547,6.8,79.5,0.0199,0.1878,64.0,3.2
GSUP_00366,78.09,80.17,84.28,50.45,49.25,38.73,1184.0,0.6859,7.1,4.3,0.0495,0.1022,42.1,2.2
GSUP_00491,90.02,91.16,83.64,50.25,57.11,16.4,153.0,0.8433,5.3,29.6,0.006,0.1784,46.1,2.0
GSUP_00306,84.85,84.68,78.97,82.1,67.39,14.65,808.0,0.8283,7.6,80.7,0.0093,0.1667,55.6,2.9
GSUP_00266,90.2,83.17,85.88,67.42,74.73,41.24,374.0,0.7803,7.5,10.6,0.0046,0.1408,60.9,2.8
GSUP_00393,90.43,86.84,65.61,64.71,67.56,29.24,81.0,0.7742,5.9,49.4,0.0076,0.1738,48.6,2.7
GSUP_00024,87.63,85.5,78.26,52.2,50.62,32.64,211.0,0.7778,7.6,67.1,0.0213,0.1176,48.6,2.1
GSUP_00522,81.48,82.12,71.99,76.86,52.7,40.18,194.0,0.7818,7.8,35.0,0.0641,0.1566,46.6,3.5
GSUP_00208,78.75,78.98,65.7,54.77,61.22,27.11,320.0,0.7769,7.6,8.3,0.0306,0.1192,55.8,2.2
GSUP_00595,85.93,83.79,57.77,55.58,65.22,27.86,145.0,0.7174,7.3,11.8,0.0221,0.1136,49.5,2.7
GSUP_00013,69.39,69.29,66.03,54.42,57.34,59.56,973.0,0.5964,15.7,2.9,0.0583,0.1133,48.0,2.2
GSUP_00425,84.71,84.82,62.45,46.44,58.72,27.31,2614.0,0.7623,7.1,44.7,0.0268,0.094,48.0,1.5
GSUP_00127,85.34,81.99,80.08,70.95,65.74,30.07,38.0,0.7255,10.4,47.5,0.0125,0.1534,58.2,2.8
GSUP_00448,85.12,80.25,75.15,71.33,70.94,26.67,361.0,0.714,9.8,26.0,0.0154,0.1755,62.6,2.5
GSUP_00084,84.16,86.42,88.27,41.85,59.91,24.58,429.0,0.7633,7.4,12.4,0.029,0.1013,48.9,1.8
GSUP_00005,86.53,88.33,78.57,52.57,44.17,41.29,1045.0,0.7768,6.2,3.9,0.0145,0.1238,27.7,2.3
GSUP_00552,75.93,78.49,86.14,45.62,49.5,13.72,513.0,0.6825,8.7,35.6,0.0269,0.0957,48.5,1.8
GSUP_00107,86.16,89.28,72.81,53.67,58.48,25.57,372.0,0.884,7.8,33.1,0.0149,0.1158,49.6,1.7
GSUP_00155,84.32,87.24,84.96,46.07,51.7,33.92,434.0,0.7604,6.8,60.5,0.0311,0.1295,38.3,1.8
GSUP_00317,88.87,87.28,78.41,59.05,52.92,46.35,200.0,0.7686,6.3,33.5,0.0077,0.1199,44.4,1.9
GSUP_00508,86.52,82.5,71.98,79.07,72.19,20.64,27.0,0.7317,6.9,44.3,0.0138,0.1972,50.2,3.3
GSUP_00455,86.47,84.71,84.93,52.75,50.33,18.29,464.0,0.8386,12.4,34.9,0.0435,0.1187,45.5,2.4
GSUP_00437,82.29,80.56,73.84,67.93,64.48,26.08,89.0,0.7761,8.6,25.9,0.0358,0.1722,44.2,3.2
GSUP_00580,83.7,85.28,85.45,65.14,58.91,39.58,400.0,0.8259,8.9,15.4,0.0115,0.1379,46.0,2.3
GSUP_00422,96.01,89.09,69.01,77.65,58.87,26.52,45.0,0.7712,7.2,57.8,0.0064,0.1636,48.3,3.1
GSUP_00546,97.14,88.77,77.89,39.86,49.36,10.37,75.0,0.8659,11.4,27.3,0.0022,0.1076,44.7,1.7
GSUP_00226,93.29,89.65,69.61,39.96,57.75,27.46,120.0,0.8169,7.4,14.2,0.0225,0.1107,46.7,2.0
GSUP_00596,86.53,87.73,94.14,53.71,51.37,45.93,1091.0,0.7803,7.4,4.1,0.0083,0.1126,44.3,2.3
GSUP_00100,84.4,78.76,82.92,58.8,62.88,36.81,1066.0,0.7375,15.0,10.2,0.0106,0.1897,50.2,2.0
GSUP_00400,75.81,74.37,94.78,63.4,61.82,41.43,224.0,0.7239,11.9,20.8,0.0456,0.1286,49.3,2.5
GSUP_00050,88.38,85.55,84.78,48.53,42.82,32.39,191.0,0.8271,6.2,9.7,0.0105,0.0985,34.7,2.1
GSUP_00496,80.9,88.07,77.33,38.39,37.64,37.27,621.0,0.8662,6.0,8.0,0.0489,0.0949,29.2,1.7
GSUP_00253,74.24,80.68,86.7,88.42,65.01,26.0,146.0,0.7981,11.5,20.0,0.0427,0.2,43.6,3.9
GSUP_00240,85.97,85.97,87.64,53.38,45.84,28.91,187.0,0.7614,11.2,6.5,0.035,0.1716,32.8,1.8
GSUP_00336,96.82,93.3,84.87,75.25,84.58,21.8,139.0,0.8524,6.7,40.7,0.0019,0.1609,68.9,3.5
GSUP_00153,75.92,78.39,77.37,48.48,62.87,33.69,1798.0,0.668,9.7,17.9,0.0139,0.0975,49.1,1.5
GSUP_00054,86.76,84.54,68.84,57.93,56.25,38.12,801.0,0.8301,9.1,22.5,0.0198,0.1343,44.2,2.8
GSUP_00309,86.37,87.82,89.46,45.06,51.25,24.13,406.0,0.7668,7.2,5.8,0.0276,0.097,39.4,2.2
GSUP_00348,86.66,87.96,87.18,84.07,66.3,26.68,303.0,0.8614,8.8,11.4,0.0041,0.1795,48.7,3.5
GSUP_00408,89.8,87.68,75.59,52.33,63.71,16.19,1004.0,0.7886,5.8,14.7,0.0203,0.1181,48.5,2.3
GSUP_00543,79.1,79.21,66.76,42.92,51.65,40.47,1723.0,0.717,16.9,41.6,0.0368,0.0872,39.8,1.3
GSUP_00554,82.88,84.94,86.42,78.71,66.64,42.5,1793.0,0.727,10.2,37.3,0.0322,0.1707,53.3,2.7
GSUP_00473,87.78,85.75,70.75,53.25,64.1,26.77,188.0,0.7709,8.8,8.1,0.0109,0.1176,53.2,1.7
GSUP_00191,79.11,84.4,73.99,78.34,61.78,43.2,154.0,0.8299,7.3,25.0,0.0544,0.1816,48.5,2.7
GSUP_00198,78.51,77.61,86.95,71.11,50.03,35.99,788.0,0.6626,8.0,8.7,0.009,0.163,34.9,2.9
GSUP_00199,85.79,82.38,66.64,65.83,72.29,7.12,370.0,0.7505,8.1,108.6,0.0229,0.1358,50.8,2.3
GSUP_00443,83.1,82.22,60.27,67.54,66.43,33.27,99.0,0.7027,9.8,74.9,0.0334,0.1397,66.1,3.1
GSUP_00315,84.89,81.81,60.58,53.72,62.04,31.25,31.0,0.7409,9.7,21.9,0.0098,0.1132,44.0,2.1
GSUP_00171,92.56,79.08,85.84,52.13,63.46,31.03,505.0,0.6927,8.6,30.8,0.0021,0.1082,48.2,2.3
GSUP_00131,89.48,90.63,85.36,61.03,66.95,30.6,673.0,0.8046,7.7,40.8,0.0306,0.1435,56.1,2.6
GSUP_00474,82.78,83.4,77.85,72.3,58.22,26.75,232.0,0.8187,11.4,32.6,0.0367,0.2,48.4,2.7
GSUP_00059,86.44,84.74,87.09,60.68,48.48,46.07,963.0,0.7757,6.1,30.9,0.0271,0.1425,41.4,2.2
GSUP_00490,76.37,76.15,73.29,37.65,61.22,38.31,664.0,0.6785,9.6,78.4,0.0296,0.094,46.8,1.3
GSUP_00182,72.16,80.89,75.33,67.12,63.0,37.66,1385.0,0.759,11.1,23.8,0.0432,0.1448,51.6,3.0
GSUP_00029,84.84,81.97,73.42,57.08,41.58,40.43,254.0,0.7142,9.0,26.3,0.0213,0.1217,33.6,2.4
GSUP_00096,88.36,85.38,57.93,61.25,63.96,30.39,106.0,0.759,9.1,47.4,0.0254,0.1709,49.6,2.2
GSUP_00305,91.86,87.18,74.21,58.02,48.75,53.57,229.0,0.8125,7.7,28.6,0.0112,0.1855,40.2,2.6
GSUP_00175,92.3,89.8,68.11,57.13,53.88,24.81,166.0,0.7953,19.5,33.7,0.0051,0.128,48.4,1.8
GSUP_00457,92.28,85.29,67.59,59.9,57.83,31.79,227.0,0.8118,6.1,8.4,0.0049,0.1267,46.1,2.6
GSUP_00488,90.83,91.26,84.99,73.29,64.72,19.72,44.0,0.843,6.8,13.1,0.0235,0.176,51.7,2.9
GSUP_00080,82.56,82.4,56.99,45.61,68.41,42.71,2537.0,0.7958,6.8,5.8,0.0071,0.0941,60.1,2.1
GSUP_00570,80.61,86.31,72.52,56.21,46.32,36.89,163.0,0.8564,6.3,18.9,0.038,0.1414,41.9,2.7
GSUP_00287,91.69,88.08,71.81,43.28,57.78,24.34,89.0,0.764,6.8,16.6,0.0077,0.1207,54.1,2.0
GSUP_00342,86.16,86.97,79.7,58.1,57.92,22.1,362.0,0.7829,6.1,120.0,0.0027,0.1189,37.6,2.3
GSUP_00115,91.02,85.01,65.77,61.04,53.83,15.89,333.0,0.7633,15.9,24.7,0.0179,0.1974,47.6,2.1
GSUP_00116,87.71,89.39,80.88,48.05,61.42,33.51,238.0,0.7801,13.9,39.1,0.0221,0.1808,52.1,2.2
GSUP_00244,82.06,87.37,68.47,64.42,63.83,18.89,868.0,0.8489,6.8,11.8,0.023,0.184,46.6,2.5
GSUP_00339,87.0,76.09,85.45,65.3,53.52,46.76,329.0,0.7335,10.8,44.7,0.0122,0.1443,44.1,2.2
GSUP_00162,79.07,85.05,79.55,50.54,61.56,22.32,722.0,0.7847,8.3,24.9,0.0594,0.1067,54.5,2.2
GSUP_00396,93.73,88.55,80.41,61.01,59.52,24.78,267.0,0.8241,10.4,30.7,0.0089,0.1395,43.5,2.2
GSUP_00335,82.19,88.42,68.06,39.46,62.27,23.56,33.0,0.7595,8.3,10.4,0.0199,0.0898,52.0,1.1
GSUP_00001,88.01,84.91,65.42,47.42,59.76,30.85,413.0,0.7925,6.0,21.1,0.0067,0.0995,52.2,2.3
GSUP_00246,82.4,86.06,73.58,53.81,61.12,33.25,1141.0,0.8337,10.1,26.1,0.0105,0.1186,43.5,2.1
GSUP_00329,93.36,90.82,86.3,53.02,55.17,30.52,11.0,0.8502,9.0,23.3,0.0133,0.1278,43.4,1.9
GSUP_00018,71.94,74.21,71.27,42.72,65.41,26.51,442.0,0.6603,10.3,61.2,0.031,0.0869,53.8,1.9
GSUP_00454,78.87,83.95,86.87,44.58,53.07,27.74,1745.0,0.7976,13.2,56.9,0.0012,0.0973,38.5,2.2
GSUP_00585,88.57,80.84,86.4,54.71,43.04,41.17,150.0,0.7309,14.0,87.0,0.0097,0.1098,30.0,1.7
GSUP_00340,85.06,86.46,68.98,75.13,66.26,38.12,374.0,0.8056,7.9,28.4,0.0337,0.1779,52.3,3.2
GSUP_00234,79.46,80.78,80.47,71.41,68.93,11.04,2489.0,0.7457,9.7,87.7,0.0383,0.1633,59.2,3.1
GSUP_00079,88.97,90.11,91.07,58.8,56.21,32.26,74.0,0.8174,22.0,44.9,0.0105,0.1189,48.2,2.1
GSUP_00311,84.01,84.0,71.04,67.3,57.67,22.47,58.0,0.8045,7.3,9.6,0.0522,0.2,41.8,2.7
GSUP_00271,82.8,83.94,82.26,75.3,66.33,27.5,1023.0,0.8248,7.4,15.4,0.0092,0.1511,56.3,2.6
GSUP_00465,81.86,83.46,62.83,89.28,57.61,31.76,1153.0,0.71,6.9,8.5,0.0082,0.1964,41.9,3.8
GSUP_00458,90.92,86.14,78.98,57.52,67.05,44.27,231.0,0.8528,12.6,2.1,0.0037,0.145,45.6,2.6
GSUP_00471,87.71,86.96,70.74,50.1,57.3,19.63,300.0,0.8059,9.7,7.0,0.0094,0.1312,44.0,1.6
GSUP_00150,89.07,91.79,82.52,39.14,67.11,13.89,594.0,0.8767,5.0,2.1,0.0205,0.079,59.3,1.9
GSUP_00379,85.65,85.49,89.27,66.65,70.53,36.03,631.0,0.8364,17.9,32.5,0.0132,0.1807,59.7,2.9
GSUP_00397,86.51,83.62,76.52,69.03,61.45,31.38,217.0,0.7694,10.2,15.3,0.0162,0.1882,49.2,2.6
GSUP_00133,77.83,82.92,74.81,63.81,55.56,48.28,75.0,0.8086,12.1,11.0,0.0063,0.1441,42.4,2.7
GSUP_00235,93.73,87.35,65.96,53.51,63.59,23.4,212.0,0.7657,5.7,36.4,0.016,0.1202,48.9,1.6
GSUP_00600,82.46,87.28,90.8,61.4,68.31,44.69,1041.0,0.7627,7.7,44.9,0.0402,0.1237,55.2,2.9
GSUP_00373,94.48,93.85,94.67,35.64,42.14,24.77,484.0,0.8902,7.8,90.8,0.0063,0.0878,28.4,1.5
GSUP_00312,85.16,83.09,78.91,58.66,52.38,37.79,1412.0,0.8147,8.7,26.7,0.0167,0.1278,40.2,2.5
GSUP_00521,89.58,85.12,94.15,74.97,77.7,45.92,662.0,0.8374,9.3,16.9,0.014,0.1796,61.1,3.2
GSUP_00053,82.43,84.44,85.07,41.47,55.75,31.78,550.0,0.7992,11.2,10.7,0.027,0.0933,37.8,1.7
GSUP_00326,70.22,79.91,55.8,42.71,53.15,51.36,668.0,0.7422,8.4,8.0,0.0429,0.1084,38.3,2.1
GSUP_00215,84.27,86.34,66.23,54.1,57.46,25.83,757.0,0.7768,11.4,7.7,0.0241,0.1103,48.0,2.3
GSUP_00189,80.36,81.63,73.05,47.94,64.78,37.61,807.0,0.8139,7.2,14.6,0.0233,0.0987,51.9,2.3
GSUP_00555,82.12,82.45,81.85,70.7,61.12,19.76,429.0,0.7403,7.5,117.2,0.0108,0.1444,47.4,2.9
GSUP_00072,71.31,76.15,57.18,46.77,53.37,36.45,110.0,0.7323,7.9,2.0,0.0444,0.0945,38.1,1.5
GSUP_00489,90.22,88.59,82.35,50.39,50.3,17.73,878.0,0.8237,6.6,7.3,0.0099,0.1164,48.1,2.4
GSUP_00129,95.01,89.49,89.44,54.13,50.05,37.85,99.0,0.8424,6.5,7.0,0.0069,0.1399,35.8,2.3
GSUP_00213,97.09,97.35,76.12,60.11,58.68,39.64,127.0,0.8849,8.4,32.3,0.0012,0.1391,48.2,2.6
GSUP_00456,86.12,87.92,79.3,48.85,75.08,27.02,431.0,0.8745,8.6,12.4,0.0147,0.1148,57.6,2.4
GSUP_00262,81.66,84.35,81.41,60.42,62.8,26.14,699.0,0.7893,7.9,16.7,0.0141,0.1437,50.4,2.0
GSUP_00111,92.43,92.49,79.43,47.83,60.53,12.9,180.0,0.9162,7.7,5.9,0.0142,0.104,50.7,1.8
GSUP_00049,84.64,80.63,70.59,54.63,49.26,36.14,864.0,0.6863,7.0,14.5,0.0224,0.1182,32.6,1.9
GSUP_00319,89.03,89.81,84.19,44.91,58.39,22.52,135.0,0.8405,5.6,4.6,0.0091,0.0974,46.7,1.9
GSUP_00558,83.17,86.94,73.87,73.85,67.66,26.85,185.0,0.8325,8.6,20.3,0.0153,0.1726,60.1,3.3
GSUP_00513,79.39,77.01,80.76,68.03,61.08,53.5,360.0,0.7407,10.7,4.5,0.0346,0.1396,57.7,3.2
GSUP_00487,85.5,88.29,76.15,52.23,65.23,27.8,628.0,0.8703,9.8,39.5,0.0234,0.1047,51.5,2.0
GSUP_00146,89.82,90.1,70.63,81.82,80.86,33.93,1076.0,0.7664,6.5,22.1,0.0133,0.1818,64.9,3.6
GSUP_00159,85.33,84.13,79.99,52.74,54.97,32.63,738.0,0.7152,10.0,32.9,0.0259,0.1626,55.0,2.5
GSUP_00012,89.03,84.86,89.07,55.44,62.5,16.48,1021.0,0.7814,9.5,15.0,0.026,0.1297,55.7,2.4
GSUP_00136,90.14,84.46,62.27,49.99,66.54,11.14,56.0,0.7216,16.0,13.5,0.0075,0.1305,50.1,1.7
GSUP_00138,86.2,80.35,78.21,45.46,69.02,37.67,165.0,0.8004,7.7,4.5,0.0051,0.1133,52.1,1.9
GSUP_00066,90.77,91.04,62.75,45.05,58.83,44.34,240.0,0.8041,7.2,19.8,0.017,0.1039,51.8,2.3
GSUP_00222,88.99,83.14,61.77,80.59,76.38,33.71,179.0,0.7656,9.1,19.3,0.0098,0.1865,56.1,3.7
GSUP_00015,85.12,81.36,66.04,62.31,64.37,39.27,803.0,0.6991,26.5,17.2,0.0266,0.1594,56.9,2.6
GSUP_00113,94.37,95.2,90.8,52.15,60.81,15.21,207.0,0.8838,4.6,34.4,0.0109,0.1094,50.3,2.5
GSUP_00371,73.59,79.7,78.63,48.56,52.5,49.44,2816.0,0.7228,9.3,44.9,0.0408,0.1053,44.6,1.6
GSUP_00141,80.18,82.28,72.77,57.99,63.05,45.25,244.0,0.7049,7.8,35.3,0.017,0.121,49.2,2.1
GSUP_00061,89.55,87.85,72.97,73.06,62.31,21.91,249.0,0.7909,7.7,5.7,0.0015,0.1581,46.7,3.4
GSUP_00389,95.54,93.69,84.67,44.22,60.33,29.58,200.0,0.8514,5.1,25.4,0.0023,0.1317,55.6,1.4
GSUP_00398,83.36,82.43,80.29,48.24,47.33,15.93,155.0,0.823,6.7,4.0,0.0106,0.105,36.6,1.6
GSUP_00299,86.02,85.85,70.64,57.61,62.4,38.48,433.0,0.7565,8.4,30.5,0.0234,0.1246,47.9,2.2
GSUP_00406,78.26,77.27,65.15,70.88,59.87,31.96,452.0,0.72,8.8,13.5,0.057,0.1811,47.5,2.9
GSUP_00553,98.92,97.65,67.05,40.76,49.03,8.97,27.0,0.9746,4.1,5.4,0.0007,0.096,40.2,1.7
GSUP_00163,91.25,89.01,91.52,67.54,76.34,31.7,144.0,0.8623,6.4,49.5,0.0129,0.1504,55.9,2.5
GSUP_00210,71.64,73.39,80.34,85.35,76.31,24.45,47.0,0.7331,8.5,24.8,0.0302,0.2,58.2,3.8
GSUP_00251,82.5,82.68,74.2,67.81,55.65,37.37,410.0,0.8229,15.5,12.5,0.0128,0.1491,41.4,3.1
GSUP_00063,93.25,92.02,82.9,59.22,64.74,14.45,102.0,0.8498,7.2,2.7,0.0134,0.1413,56.0,2.3
GSUP_00086,81.33,81.66,84.87,40.54,58.65,21.38,59.0,0.7794,11.7,20.5,0.043,0.0829,42.5,1.6
GSUP_00036,86.55,83.86,72.6,38.78,54.32,32.16,161.0,0.7267,7.9,63.6,0.0204,0.0815,34.7,1.8
GSUP_00551,71.63,78.82,72.74,64.04,70.64,38.81,340.0,0.7221,14.2,23.8,0.0529,0.1384,46.7,2.7
GSUP_00560,87.96,85.31,76.21,38.41,52.72,45.0,317.0,0.8286,7.9,87.5,0.0179,0.0905,34.8,1.4
GSUP_00027,85.66,88.21,63.71,58.55,55.04,17.86,102.0,0.8167,7.9,5.5,0.0181,0.1846,50.8,2.3
GSUP_00126,88.75,86.31,79.28,47.39,50.77,43.48,286.0,0.8246,7.8,22.2,0.0277,0.1654,40.7,1.7
GSUP_00519,87.01,88.22,66.22,64.99,64.51,18.66,463.0,0.8485,9.3,40.4,0.0074,0.1681,54.1,2.3
GSUP_00399,92.4,92.88,64.35,69.33,70.33,35.13,327.0,0.8248,6.9,19.9,0.0046,0.1462,58.9,2.7
GSUP_00365,94.21,93.54,67.04,69.02,61.49,35.89,300.0,0.9179,5.2,4.3,0.0008,0.2,49.5,2.9
GSUP_00258,70.97,71.92,78.77,69.79,61.02,46.15,572.0,0.6609,9.1,23.0,0.0482,0.163,48.4,3.0
GSUP_00176,86.02,86.42,71.69,63.82,54.42,23.16,500.0,0.7618,8.5,24.7,0.0259,0.1376,48.8,2.8
GSUP_00291,92.68,93.28,73.07,72.15,62.76,10.45,411.0,0.914,6.4,33.3,0.01,0.1685,50.9,2.8
GSUP_00590,83.03,86.26,74.73,63.52,60.03,13.09,349.0,0.7872,6.1,36.4,0.0272,0.1274,55.0,2.8
GSUP_00394,95.4,90.13,66.81,54.9,54.77,43.78,196.0,0.8676,6.5,37.4,0.0034,0.113,46.9,1.7
GSUP_00313,83.37,86.11,95.97,37.7,40.48,29.51,288.0,0.8028,7.9,28.1,0.0166,0.1108,29.3,1.5
GSUP_00322,88.59,91.19,73.53,76.99,77.73,17.3,265.0,0.8274,10.0,7.8,0.0127,0.1747,59.7,3.4
GSUP_00028,95.06,93.09,83.49,84.05,82.02,13.11,213.0,0.9043,4.6,14.4,0.003,0.1772,62.0,3.5
GSUP_00334,75.7,81.61,75.7,55.09,53.18,39.34,200.0,0.7653,8.0,37.9,0.0152,0.1241,48.6,2.2
GSUP_00073,84.91,85.2,86.91,53.74,60.7,28.04,188.0,0.7741,11.1,75.6,0.0224,0.1546,46.5,2.3
GSUP_00516,94.28,85.49,89.98,39.53,45.06,8.02,143.0,0.7407,9.0,4.0,0.004,0.099,32.1,2.0
GSUP_00361,91.62,89.69,83.47,54.97,52.54,35.93,120.0,0.8828,6.1,20.4,0.0148,0.1201,43.6,2.3
GSUP_00075,85.86,82.56,56.83,60.08,41.57,35.65,147.0,0.7062,12.1,11.0,0.0349,0.1227,32.8,2.7
GSUP_00462,90.73,89.77,90.7,46.5,50.32,46.1,286.0,0.8793,7.1,8.1,0.0101,0.1,41.7,2.3
GSUP_00385,91.25,82.86,74.29,46.78,58.52,40.92,451.0,0.749,8.5,18.9,0.0118,0.1702,56.3,2.1
GSUP_00395,87.35,81.36,66.36,60.01,57.71,0.94,607.0,0.7695,18.0,24.4,0.0051,0.1315,50.7,2.5
GSUP_00125,86.84,85.66,86.42,57.2,58.39,45.05,211.0,0.8466,14.7,2.2,0.0074,0.1272,46.8,1.8
GSUP_00104,84.35,83.51,76.89,47.85,32.98,44.85,2126.0,0.7288,7.6,38.4,0.0069,0.1095,19.3,1.8
GSUP_00060,89.06,90.1,81.71,76.58,56.19,21.08,325.0,0.8425,5.4,43.1,0.016,0.1963,42.5,3.1
GSUP_00197,95.89,93.86,70.8,33.87,57.74,19.57,85.0,0.9054,5.4,82.8,0.0078,0.0863,49.7,1.7
GSUP_00157,82.85,83.76,84.76,75.3,66.89,37.56,970.0,0.8071,6.3,6.8,0.0124,0.1743,47.7,3.0
GSUP_00267,93.55,88.19,67.39,48.27,47.93,16.62,267.0,0.8191,5.4,23.7,0.0144,0.1064,49.0,2.4
GSUP_00170,74.59,78.72,78.43,58.33,61.51,36.66,1278.0,0.7429,8.8,15.3,0.063,0.1172,49.3,2.1
GSUP_00048,78.29,78.79,66.13,63.54,49.69,47.22,177.0,0.7592,15.7,11.8,0.0259,0.1805,40.0,2.8
GSUP_00190,82.83,85.38,87.35,59.19,68.58,38.15,336.0,0.8335,12.1,22.0,0.0249,0.178,51.5,2.3
GSUP_00122,87.21,86.52,93.49,57.31,69.11,23.77,792.0,0.8343,7.8,38.6,0.016,0.1742,57.8,2.3
GSUP_00156,85.01,87.51,82.0,55.5,61.12,41.47,416.0,0.7903,8.0,2.6,0.0208,0.1685,43.1,2.5
GSUP_00459,76.49,80.56,65.79,58.56,51.71,40.62,812.0,0.8052,6.9,85.7,0.0046,0.1509,52.2,2.1
GSUP_00002,68.69,74.88,84.34,69.99,56.35,45.87,890.0,0.6853,8.8,41.8,0.0369,0.1631,51.7,2.4
GSUP_00177,85.64,82.2,76.79,68.33,69.96,27.37,836.0,0.7017,6.6,35.4,0.0013,0.1739,60.9,2.8
GSUP_00410,86.79,89.34,68.62,44.8,61.47,29.74,142.0,0.808,9.3,36.3,0.0284,0.1079,42.2,1.8
GSUP_00151,92.12,89.47,72.75,77.67,83.09,19.36,288.0,0.7777,5.6,13.8,0.0166,0.1582,67.5,3.4
GSUP_00403,71.54,77.82,60.22,44.97,55.22,21.48,135.0,0.6757,13.5,35.4,0.031,0.0999,50.2,2.3
GSUP_00041,78.33,84.52,90.15,73.45,62.75,32.68,779.0,0.7541,9.2,13.7,0.0575,0.2,53.2,2.5
GSUP_00221,89.94,88.33,72.89,66.44,61.51,27.31,486.0,0.7579,6.1,57.0,0.0302,0.1415,44.2,2.7
GSUP_00010,90.44,90.93,83.95,44.33,50.52,28.87,63.0,0.8669,5.3,6.7,0.0098,0.1291,37.2,2.0
GSUP_00135,94.79,88.22,92.59,73.03,55.94,38.26,290.0,0.7597,8.3,10.3,0.0102,0.148,42.5,3.4
GSUP_00194,72.54,77.21,89.66,66.59,65.68,34.04,491.0,0.6798,14.5,21.2,0.0699,0.1413,49.5,3.1
GSUP_00039,88.92,88.02,70.82,63.91,63.26,25.45,112.0,0.7605,9.2,11.2,0.0097,0.1365,58.3,2.8
GSUP_00011,87.31,83.03,76.29,51.45,61.3,39.1,298.0,0.7136,7.7,15.2,0.0051,0.104,39.4,2.1
GSUP_00230,94.05,94.09,70.3,61.75,56.76,17.22,41.0,0.8376,6.8,18.3,0.0087,0.126,48.7,2.1
GSUP_00492,74.28,78.32,87.17,48.02,50.96,40.9,489.0,0.7329,8.5,48.6,0.0393,0.1003,34.3,1.8
GSUP_00480,82.97,85.91,88.28,59.71,68.07,28.66,295.0,0.8545,27.0,19.8,0.0258,0.1558,49.6,2.5
GSUP_00045,89.01,86.78,65.81,44.28,50.42,27.02,446.0,0.8516,9.8,12.8,0.0101,0.0899,30.3,2.0
GSUP_00229,88.29,91.94,90.81,80.11,63.57,35.85,558.0,0.9023,7.5,8.8,0.0121,0.1673,48.1,3.3
GSUP_00467,82.78,86.02,67.71,59.8,64.53,29.07,487.0,0.7539,7.4,14.6,0.0043,0.1198,59.2,2.6
GSUP_00438,91.22,81.48,81.11,55.59,58.97,37.85,73.0,0.7249,9.6,19.4,0.012,0.135,48.5,2.2
GSUP_00388,72.61,79.47,60.31,66.12,74.14,20.33,2236.0,0.6846,8.4,34.9,0.0737,0.1516,53.3,2.9
GSUP_00583,72.87,75.81,80.68,80.81,74.79,26.53,1097.0,0.7329,7.9,5.1,0.0494,0.1823,64.9,2.9
GSUP_00062,86.64,85.03,65.89,50.44,53.23,7.99,24.0,0.7316,7.5,8.0,0.0048,0.1103,48.7,1.7
GSUP_00058,84.79,79.51,69.17,66.87,54.61,22.09,826.0,0.7422,15.1,13.5,0.0118,0.1384,44.2,2.3
GSUP_00436,89.71,79.49,81.47,61.99,59.39,49.87,81.0,0.7052,10.1,12.7,0.0093,0.1495,57.7,2.9
GSUP_00581,85.88,87.93,59.95,58.89,65.43,30.51,414.0,0.7795,5.7,13.9,0.0309,0.1511,56.5,1.9
GSUP_00284,80.45,77.83,82.74,35.53,48.35,29.21,433.0,0.7772,13.9,39.9,0.0612,0.074,42.1,1.7
GSUP_00147,93.24,91.41,54.2,66.36,66.38,33.79,175.0,0.8808,5.7,11.4,0.0037,0.1461,49.1,2.4
GSUP_00196,84.36,82.42,69.89,70.42,68.79,42.33,1119.0,0.804,7.4,18.7,0.0271,0.1466,58.2,2.8
GSUP_00161,82.63,86.18,81.65,75.33,68.23,20.62,396.0,0.8065,6.8,25.5,0.0334,0.1543,55.7,3.4
GSUP_00367,96.17,90.49,86.47,69.68,63.69,49.75,13.0,0.8874,7.5,8.3,0.0009,0.1659,53.6,2.9
GSUP_00032,75.75,78.29,70.79,55.37,58.72,41.4,2153.0,0.7413,9.7,32.4,0.018,0.1262,43.6,1.9
GSUP_00020,83.88,80.63,64.9,48.07,49.45,37.89,1283.0,0.7998,8.9,21.0,0.0403,0.101,40.2,1.7
GSUP_00294,88.28,83.5,76.84,36.31,50.43,35.78,440.0,0.745,10.1,16.2,0.0018,0.08,36.3,1.9
GSUP_00016,83.41,86.33,84.47,69.81,53.04,37.35,325.0,0.8109,6.9,41.8,0.0085,0.2,31.7,2.7
GSUP_00506,79.77,80.93,78.15,61.81,72.21,29.62,99.0,0.7717,11.4,8.7,0.0621,0.1614,62.8,2.6
GSUP_00510,88.94,83.99,76.54,59.5,55.55,51.46,545.0,0.7634,6.8,53.5,0.0174,0.1614,36.9,2.3
GSUP_00257,81.28,85.81,90.9,49.55,65.39,30.77,69.0,0.8426,10.4,21.8,0.0139,0.1114,52.8,1.9
GSUP_00566,91.41,91.54,73.39,40.47,67.94,36.41,101.0,0.9126,8.0,24.5,0.0083,0.1005,56.0,1.3
GSUP_00205,75.62,77.05,77.21,83.37,81.55,34.33,590.0,0.712,11.0,51.9,0.0448,0.1762,66.9,3.5
GSUP_00430,87.27,81.33,75.0,77.68,58.22,25.45,68.0,0.7389,8.7,42.8,0.031,0.157,45.2,3.3
GSUP_00409,80.85,79.49,84.02,80.55,64.51,54.75,7.0,0.7319,10.4,24.1,0.0457,0.1713,53.0,3.0
GSUP_00441,87.87,85.48,75.21,80.51,64.15,29.34,297.0,0.8359,6.2,35.6,0.0054,0.1791,53.7,3.5
GSUP_00009,91.16,91.49,92.86,61.07,61.98,26.63,201.0,0.8662,10.4,15.6,0.0113,0.1289,53.3,2.8
GSUP_00280,82.92,82.36,89.98,53.83,68.48,36.67,148.0,0.7056,6.7,21.0,0.0138,0.1453,63.4,2.6
GSUP_00420,85.6,90.48,76.99,54.94,55.58,56.07,57.0,0.8426,5.4,3.5,0.0104,0.1132,45.6,1.9
GSUP_00302,70.38,74.07,60.01,51.35,55.91,64.28,343.0,0.6315,10.8,4.3,0.0372,0.1119,45.1,1.9
GSUP_00331,74.56,77.95,88.71,52.33,63.44,52.17,1014.0,0.7536,11.4,44.4,0.0455,0.1073,46.2,2.5
GSUP_00402,88.41,82.45,84.3,65.08,69.58,59.6,669.0,0.7415,6.7,3.5,0.0072,0.1405,57.8,2.3
GSUP_00535,85.28,84.26,61.83,46.42,60.39,22.64,339.0,0.7758,13.8,6.5,0.0099,0.0936,51.7,1.4
GSUP_00504,93.78,92.19,86.08,61.76,55.26,32.01,156.0,0.8941,15.5,40.1,0.0071,0.1299,43.2,2.8
GSUP_00532,88.74,91.18,56.77,43.32,44.93,29.04,44.0,0.7813,7.6,2.0,0.029,0.0969,38.7,1.6
GSUP_00292,80.73,84.54,63.18,59.61,56.05,16.58,52.0,0.7387,8.1,10.0,0.0293,0.1322,43.4,2.3
GSUP_00095,82.59,76.09,73.02,60.69,65.74,40.51,173.0,0.6922,11.8,23.1,0.0101,0.1371,55.9,2.4
GSUP_00350,84.63,81.51,97.82,78.73,69.27,28.32,437.0,0.721,7.9,23.7,0.0384,0.1639,60.0,3.5
GSUP_00347,81.71,76.47,72.06,45.67,55.88,51.54,850.0,0.6888,9.7,38.0,0.0214,0.1061,49.2,1.7
GSUP_00134,94.44,86.62,88.85,51.07,51.9,22.85,219.0,0.8659,13.1,18.9,0.0074,0.1164,42.1,2.4
GSUP_00102,80.43,77.46,92.58,52.83,70.83,32.03,324.0,0.7543,16.9,19.1,0.029,0.1133,51.5,2.2
GSUP_00435,89.62,87.23,68.56,69.69,76.09,44.35,44.0,0.8571,13.4,33.0,0.0076,0.1748,57.8,2.8
GSUP_00004,89.22,87.96,83.5,66.86,61.71,28.35,494.0,0.8713,6.3,18.6,0.0062,0.1495,52.3,2.5
GSUP_00307,77.2,74.38,89.01,66.85,53.58,50.71,333.0,0.6703,8.9,24.5,0.0034,0.1418,55.1,2.4
GSUP_00042,78.99,83.02,85.21,61.97,79.56,39.84,871.0,0.7427,7.5,56.7,0.0023,0.1828,61.9,2.6
GSUP_00407,84.34,85.82,63.91,47.69,74.76,36.46,385.0,0.7596,7.6,14.3,0.0292,0.1327,62.1,1.9
GSUP_00279,83.82,82.28,61.65,52.42,68.2,30.97,652.0,0.8018,7.7,13.7,0.017,0.1859,51.8,2.5
GSUP_00225,87.32,89.36,53.18,67.58,59.33,34.56,1134.0,0.8506,6.5,2.1,0.0002,0.1587,42.6,2.7
GSUP_00588,76.64,82.68,78.91,63.72,74.74,35.56,1802.0,0.732,9.4,24.8,0.0727,0.1369,56.4,2.6
GSUP_00119,74.71,74.4,86.82,54.4,64.93,32.29,675.0,0.6745,12.4,2.7,0.0477,0.1154,41.5,2.1
GSUP_00423,84.29,86.81,65.15,39.35,36.75,30.77,376.0,0.8039,9.6,18.8,0.016,0.1005,36.2,1.9
GSUP_00214,89.75,86.87,80.8,47.39,64.95,41.94,102.0,0.8072,10.7,41.1,0.0298,0.1739,40.8,1.8
GSUP_00377,87.94,88.37,94.76,68.14,66.03,34.88,1073.0,0.8689,5.4,21.2,0.0219,0.156,51.5,2.5
GSUP_00272,81.49,84.35,75.21,48.83,53.93,41.64,402.0,0.7652,6.3,9.5,0.0223,0.1403,37.3,2.3
GSUP_00501,71.12,78.11,71.33,78.41,56.83,41.02,156.0,0.7704,12.1,39.0,0.0088,0.1648,41.0,3.2
GSUP_00318,80.05,77.04,80.35,89.02,74.92,17.49,375.0,0.7058,9.9,9.5,0.0227,0.1885,66.8,3.7
GSUP_00541,88.37,84.54,82.72,57.39,67.34,18.24,52.0,0.8133,8.7,33.7,0.0144,0.1621,54.9,2.4
GSUP_00509,92.64,87.47,65.56,70.87,74.32,24.55,207.0,0.8655,5.7,24.6,0.0061,0.17,54.6,3.1
GSUP_00217,72.95,73.5,65.36,64.72,59.06,30.12,790.0,0.7248,9.2,6.5,0.0389,0.2,44.3,2.4
GSUP_00417,92.8,84.57,88.02,69.47,72.19,22.98,94.0,0.7261,9.1,58.5,0.0151,0.1688,53.9,2.3
GSUP_00278,88.97,84.68,64.95,82.81,61.7,24.51,40.0,0.7459,11.9,7.4,0.0125,0.1775,49.1,3.6
GSUP_00121,92.46,87.06,78.97,58.41,55.98,22.35,767.0,0.8023,13.1,111.6,0.0024,0.132,45.6,2.0
GSUP_00421,86.07,86.79,91.04,34.33,54.26,45.3,637.0,0.7939,7.7,2.2,0.0089,0.1148,52.9,1.6
GSUP_00416,86.92,82.81,68.07,48.01,64.43,31.17,769.0,0.7835,8.8,9.3,0.0421,0.1121,42.0,1.5
GSUP_00476,92.18,88.27,74.65,41.18,47.11,36.77,145.0,0.8754,10.7,7.4,0.0019,0.0882,37.5,1.5
GSUP_00351,81.31,78.78,71.09,70.65,54.35,37.35,847.0,0.683,9.6,2.3,0.0258,0.1527,41.9,2.4
GSUP_00573,94.35,89.31,71.66,50.81,61.66,40.19,139.0,0.8197,7.3,33.6,0.0063,0.1162,54.1,2.1
GSUP_00031,85.46,83.35,78.23,42.93,59.67,42.48,116.0,0.7325,13.4,30.4,0.0267,0.0879,49.5,1.9
GSUP_00132,91.41,91.31,68.56,35.47,54.69,20.99,37.0,0.8986,9.4,39.7,0.0108,0.0982,46.7,1.1
GSUP_00269,92.29,86.86,84.08,75.1,51.87,47.41,166.0,0.864,12.8,9.1,0.0087,0.1525,43.2,2.9
GSUP_00539,69.39,77.66,82.95,71.78,80.71,37.46,204.0,0.7159,8.2,16.1,0.0704,0.1539,59.9,3.3
GSUP_00569,89.92,87.01,73.5,54.28,59.18,30.94,1979.0,0.7531,7.8,27.8,0.0181,0.1412,53.4,2.1
GSUP_00275,80.4,81.17,66.6,75.12,69.1,39.22,81.0,0.7855,12.3,15.9,0.0241,0.1628,59.3,3.3
GSUP_00236,74.07,67.2,87.2,39.51,61.66,47.69,467.0,0.6414,9.9,30.7,0.0362,0.1159,53.9,2.0
GSUP_00584,83.62,83.72,80.86,61.15,70.92,41.03,297.0,0.7562,11.0,26.1,0.0447,0.1307,63.1,2.9
GSUP_00254,93.65,92.02,60.73,58.83,71.55,18.0,151.0,0.9046,5.2,4.9,0.0085,0.1809,59.3,2.8
GSUP_00382,82.93,81.55,63.87,58.73,52.97,41.2,468.0,0.8126,11.6,38.5,0.0408,0.1222,49.8,2.2
GSUP_00184,90.26,90.93,78.09,51.08,68.9,33.4,66.0,0.849,7.7,32.6,0.0236,0.1029,57.0,2.5
GSUP_00219,86.34,86.98,68.97,80.26,71.36,30.74,633.0,0.8131,6.2,27.6,0.0089,0.2,56.0,3.5
GSUP_00353,78.2,83.45,67.84,48.42,51.7,33.97,268.0,0.7465,8.2,6.0,0.0138,0.1248,41.3,2.3
GSUP_00514,97.29,89.04,73.81,80.62,65.28,16.56,94.0,0.8349,8.6,9.5,0.0044,0.1665,52.1,2.7
GSUP_00303,88.42,86.79,66.83,77.57,71.09,34.55,518.0,0.7949,8.7,14.0,0.029,0.2,54.3,3.6
GSUP_00207,95.28,84.98,80.29,58.01,58.31,20.26,437.0,0.7609,7.7,9.9,0.0038,0.13,54.8,2.6
GSUP_00295,78.15,78.39,73.03,38.37,56.43,39.79,1298.0,0.6742,14.2,8.2,0.0387,0.1371,46.6,1.8
GSUP_00034,76.42,82.28,80.88,51.44,58.33,36.09,789.0,0.7306,8.7,41.3,0.0426,0.1169,47.1,1.6
GSUP_00571,90.03,82.78,78.65,49.93,51.2,16.81,266.0,0.7282,8.6,26.4,0.0013,0.1126,42.9,1.7
GSUP_00358,89.14,87.63,84.08,89.0,82.02,19.81,265.0,0.8161,5.7,22.0,0.0209,0.1899,80.5,4.0
GSUP_00169,84.86,80.54,82.4,65.38,76.82,37.46,677.0,0.7573,14.5,8.1,0.0128,0.1389,55.8,2.6
GSUP_00360,90.97,82.63,80.49,65.72,61.08,24.48,649.0,0.7778,7.1,62.0,0.0123,0.1467,44.6,2.5
GSUP_00341,81.97,85.16,77.16,76.62,70.46,27.88,71.0,0.7735,8.2,7.1,0.0047,0.1653,49.5,3.4
GSUP_00270,76.19,79.98,80.4,65.17,66.69,30.27,363.0,0.7303,11.9,40.0,0.0207,0.1311,52.2,2.2
GSUP_00321,76.28,73.91,83.23,64.68,68.69,32.39,1078.0,0.7207,8.9,83.6,0.0299,0.1354,56.2,2.5
GSUP_00530,88.33,81.89,81.19,67.2,81.97,47.69,234.0,0.7545,8.9,33.2,0.0175,0.1392,63.3,2.6
GSUP_00411,76.3,79.99,95.21,84.9,73.5,26.65,307.0,0.7984,7.8,120.0,0.0234,0.2,56.1,3.2
GSUP_00239,93.79,91.99,73.37,85.21,56.79,40.23,107.0,0.8426,8.9,27.3,0.0074,0.1887,46.1,3.2
GSUP_00445,89.19,84.12,57.24,41.38,63.17,26.86,330.0,0.797,8.7,7.9,0.0194,0.1116,48.0,1.4
GSUP_00094,91.1,90.22,71.0,75.54,57.87,20.85,2385.0,0.7737,10.8,7.5,0.013,0.2,47.8,2.7
GSUP_00376,94.05,90.91,79.73,45.4,54.63,29.54,163.0,0.8618,11.6,11.4,0.0031,0.1115,49.3,2.0
GSUP_00433,86.24,84.46,79.78,60.66,57.81,32.07,202.0,0.8258,9.2,2.2,0.006,0.2,49.6,2.8
GSUP_00259,80.66,84.09,73.65,46.35,49.41,32.47,114.0,0.8336,10.1,29.5,0.0434,0.1002,43.9,1.9
GSUP_00460,76.04,75.9,62.88,53.32,52.66,41.41,40.0,0.7587,10.2,9.5,0.045,0.1108,47.6,1.9
GSUP_00117,86.96,84.89,80.29,39.94,53.74,31.42,363.0,0.7575,7.5,42.5,0.0216,0.0902,44.4,1.3
GSUP_00429,78.39,78.58,63.78,71.15,78.56,35.08,541.0,0.7357,10.4,12.7,0.0284,0.155,62.1,3.2
GSUP_00524,77.07,79.45,89.34,68.63,70.97,46.99,212.0,0.729,14.3,17.7,0.0204,0.1824,52.9,3.2
GSUP_00557,77.77,78.73,72.73,87.06,60.42,23.03,872.0,0.7358,8.9,82.9,0.0168,0.1905,46.4,3.3
GSUP_00534,75.89,74.61,82.29,69.27,61.94,30.53,1047.0,0.6518,9.2,8.7,0.0437,0.1454,46.9,2.6
GSUP_00507,88.56,87.49,74.11,40.37,51.77,21.59,246.0,0.856,7.0,32.7,0.008,0.1079,45.1,1.7
GSUP_00149,78.31,84.97,57.28,73.68,54.23,24.77,300.0,0.8382,7.7,35.8,0.0322,0.1615,45.1,3.2
GSUP_00081,90.58,89.01,66.81,50.63,50.13,28.87,1326.0,0.8166,5.4,8.0,0.0169,0.1048,43.6,2.0
GSUP_00592,90.07,88.48,75.53,62.17,76.33,33.48,180.0,0.7893,7.4,18.7,0.0054,0.1415,55.3,2.6
GSUP_00178,85.63,85.57,60.68,45.45,70.64,11.89,623.0,0.7455,7.9,12.3,0.0162,0.1394,63.7,2.0
GSUP_00227,90.0,90.98,91.43,81.58,66.31,22.96,198.0,0.8667,7.5,37.5,0.0181,0.2,50.9,3.7
GSUP_00559,81.62,86.64,76.91,52.56,54.82,29.98,881.0,0.777,7.0,25.4,0.0224,0.1228,38.4,1.8
GSUP_00103,87.36,85.74,78.99,50.8,58.28,27.74,581.0,0.8457,8.7,17.5,0.003,0.1111,44.4,2.5
GSUP_00368,72.13,75.99,87.3,78.02,65.6,28.29,927.0,0.7224,14.1,38.3,0.0747,0.1579,64.9,3.0
GSUP_00201,88.31,87.15,75.45,52.89,54.7,26.57,678.0,0.8251,14.9,8.4,0.0156,0.1185,41.8,2.3
GSUP_00544,95.01,87.07,82.93,76.55,66.78,17.26,473.0,0.8132,8.2,35.6,0.0032,0.181,51.8,3.1
GSUP_00577,86.04,81.67,60.12,58.58,56.12,29.14,410.0,0.6998,6.8,50.1,0.0376,0.1261,43.9,2.3
GSUP_00006,86.56,87.75,85.92,55.13,52.23,13.2,171.0,0.8686,15.9,52.6,0.006,0.1156,41.0,2.4
GSUP_00098,81.59,83.51,63.4,42.42,56.98,30.88,335.0,0.7885,10.0,38.7,0.0327,0.1384,41.7,1.6
GSUP_00533,77.28,77.12,73.2,73.24,56.65,31.03,974.0,0.7706,8.8,14.6,0.0334,0.181,46.0,2.6
GSUP_00283,90.04,86.28,79.97,84.01,56.22,26.47,332.0,0.803,6.2,98.2,0.0084,0.1884,50.4,3.3
GSUP_00384,84.04,79.19,86.35,60.59,67.17,37.23,101.0,0.7575,7.6,13.5,0.0071,0.1241,55.3,2.4
GSUP_00140,90.57,87.68,81.31,81.0,71.27,27.97,107.0,0.7527,6.0,26.4,0.0214,0.1651,51.5,2.9
GSUP_00282,84.87,81.05,82.56,48.46,43.7,41.19,590.0,0.7657,6.9,6.2,0.0163,0.0991,33.2,2.4
GSUP_00172,74.12,78.62,75.34,63.85,66.98,35.75,236.0,0.7584,14.2,96.4,0.0547,0.1469,50.8,2.3
GSUP_00325,76.24,78.62,83.47,51.51,67.35,44.48,514.0,0.7601,9.6,31.2,0.004,0.1055,54.1,2.0
GSUP_00330,87.52,89.06,81.12,76.44,50.17,40.77,684.0,0.8599,8.8,35.6,0.0282,0.1899,46.8,2.7
GSUP_00370,88.56,89.43,66.81,54.11,56.96,31.63,329.0,0.7905,10.4,3.6,0.0275,0.2,44.8,2.2
GSUP_00568,79.51,84.67,82.23,63.88,53.75,34.64,134.0,0.8435,10.8,36.6,0.0351,0.1369,42.6,2.4
GSUP_00223,86.36,83.78,66.8,72.61,66.09,35.83,99.0,0.8372,12.7,37.8,0.0119,0.1573,61.8,2.9
GSUP_00363,78.78,83.03,78.27,80.18,75.26,38.79,169.0,0.7151,16.7,28.7,0.0233,0.1852,64.6,2.9
GSUP_00343,79.83,81.93,90.42,81.32,68.59,45.52,257.0,0.8115,8.3,10.3,0.03,0.2,57.7,2.8
GSUP_00316,86.35,85.87,82.65,39.09,43.9,39.0,399.0,0.7672,14.8,18.1,0.0171,0.1231,44.9,1.8
GSUP_00323,65.93,70.6,79.53,70.94,73.9,53.91,774.0,0.6731,12.7,4.8,0.0317,0.1431,61.6,3.0
GSUP_00538,79.53,80.4,77.9,61.54,63.46,36.55,180.0,0.7242,7.1,17.3,0.0489,0.1268,40.8,2.3
GSUP_00497,84.18,85.58,74.55,62.56,55.68,35.65,75.0,0.8517,9.3,8.7,0.0108,0.1532,48.7,2.0
GSUP_00431,94.71,95.31,56.28,66.29,65.79,27.28,96.0,0.8246,7.4,12.3,0.013,0.1559,44.7,3.0
GSUP_00040,92.71,89.08,78.52,46.69,63.78,14.85,926.0,0.8237,12.3,6.3,0.007,0.0962,53.3,1.5
GSUP_00093,75.52,81.73,82.68,68.86,49.99,48.41,486.0,0.7472,8.1,8.3,0.037,0.1517,31.4,3.2
GSUP_00030,91.29,88.99,62.9,51.4,66.41,10.97,631.0,0.7999,7.8,3.9,0.019,0.1332,50.8,2.0
GSUP_00574,88.45,87.99,80.58,43.48,55.15,36.5,673.0,0.8331,5.4,62.6,0.0076,0.0919,42.3,1.6
GSUP_00203,79.53,79.39,83.5,71.87,45.4,39.09,479.0,0.6904,8.3,20.1,0.016,0.1847,32.5,3.1
GSUP_00515,94.08,87.8,61.62,72.86,58.79,23.78,279.0,0.8407,5.6,14.1,0.0065,0.1468,45.3,3.3
GSUP_00187,89.24,87.34,85.97,75.51,72.62,33.09,544.0,0.8708,7.7,20.4,0.0154,0.1815,63.3,2.9
GSUP_00120,75.19,79.1,62.83,57.0,65.71,42.86,896.0,0.7678,12.3,25.8,0.0746,0.1331,49.0,2.2
GSUP_00502,90.86,85.43,68.61,80.25,78.21,15.86,115.0,0.8363,6.6,63.2,0.0023,0.1681,65.3,3.1
GSUP_00427,89.24,85.57,70.01,65.19,58.11,43.87,669.0,0.7735,8.1,6.7,0.0098,0.1559,41.7,3.0
GSUP_00499,92.52,94.01,76.78,75.72,79.56,26.26,101.0,0.8449,4.9,10.4,0.0092,0.1819,62.7,3.2
GSUP_00561,83.65,87.77,75.6,75.17,80.38,54.99,793.0,0.8142,5.8,91.3,0.03,0.2,65.9,2.8
GSUP_00128,82.68,76.49,83.93,54.7,66.32,43.61,86.0,0.6554,9.8,13.1,0.0208,0.1186,48.1,1.9
GSUP_00405,86.35,80.38,82.09,53.76,67.05,33.21,892.0,0.7972,7.2,2.5,0.0066,0.1307,47.1,1.9
GSUP_00181,80.13,77.7,91.69,63.62,49.53,29.72,263.0,0.6772,10.1,5.8,0.0243,0.1457,42.1,2.3
GSUP_00432,84.69,86.05,71.16,83.32,78.84,30.73,592.0,0.848,5.9,2.6,0.0099,0.1815,68.7,3.1
GSUP_00493,83.65,82.57,71.43,59.1,59.45,34.9,435.0,0.7122,6.8,112.3,0.0354,0.1624,47.2,2.5
GSUP_00268,85.2,79.82,52.41,62.73,61.68,48.11,208.0,0.777,9.4,9.8,0.0456,0.1255,47.1,2.1
GSUP_00426,87.45,83.35,63.54,66.84,64.17,43.53,418.0,0.7275,9.0,63.7,0.0174,0.1403,52.1,2.6
GSUP_00021,79.59,78.7,83.04,53.92,44.64,41.11,1836.0,0.6734,7.3,120.0,0.0086,0.1233,36.0,2.3
GSUP_00206,95.53,92.31,89.41,79.15,60.81,42.23,196.0,0.8843,7.1,24.0,0.0027,0.1622,49.9,3.0
GSUP_00469,92.17,88.14,78.03,54.17,69.44,7.31,647.0,0.7862,10.8,2.8,0.0075,0.156,42.9,1.7
GSUP_00594,86.74,79.17,91.84,68.87,50.02,37.51,400.0,0.7578,11.0,4.0,0.0338,0.1586,34.7,2.3
GSUP_00598,73.73,77.01,65.86,70.1,72.87,52.59,1299.0,0.7187,8.0,17.8,0.016,0.1532,54.1,2.4
GSUP_00185,91.38,89.07,72.55,71.65,70.07,33.06,167.0,0.7716,7.9,14.5,0.0043,0.177,56.8,3.2
GSUP_00188,79.99,86.87,69.51,66.1,56.34,20.62,388.0,0.8599,9.0,24.4,0.0046,0.1442,46.0,2.8
GSUP_00475,96.63,92.99,83.3,49.73,60.65,37.68,295.0,0.8535,4.5,15.9,0.005,0.1158,51.7,1.6
GSUP_00160,83.67,82.19,82.05,79.81,62.92,41.12,332.0,0.7892,12.4,67.3,0.0067,0.1597,51.6,3.1
GSUP_00044,79.35,83.61,69.95,34.58,43.9,38.67,505.0,0.7736,13.4,20.4,0.0101,0.0783,28.6,1.2
GSUP_00233,82.66,81.94,95.52,59.55,60.66,34.97,39.0,0.7708,12.3,30.4,0.0417,0.1221,55.8,2.5
GSUP_00419,83.63,84.08,80.44,64.27,59.77,52.9,199.0,0.7529,11.4,56.4,0.025,0.152,54.2,2.6
GSUP_00453,84.31,85.4,62.2,64.8,61.77,36.67,500.0,0.7516,10.0,5.8,0.0261,0.1426,43.1,2.6
GSUP_00293,79.16,81.66,65.51,54.16,62.53,33.5,803.0,0.7606,9.7,8.3,0.015,0.1155,51.7,2.0
GSUP_00314,87.67,86.06,81.15,67.89,64.36,22.23,463.0,0.7883,9.2,4.7,0.0317,0.1484,48.5,2.4
GSUP_00242,87.68,80.74,52.36,67.57,61.36,39.51,140.0,0.7335,11.8,5.6,0.0272,0.1399,49.8,2.9
GSUP_00088,74.59,75.34,93.65,71.74,63.73,49.97,535.0,0.7163,11.2,19.2,0.0341,0.1953,56.3,3.2
GSUP_00392,90.0,87.99,80.47,71.15,51.2,29.17,142.0,0.8391,6.6,11.3,0.006,0.1434,51.6,3.3
GSUP_00485,82.42,78.15,79.6,67.81,70.0,29.77,369.0,0.6697,8.8,15.2,0.0468,0.1757,59.8,2.3
GSUP_00286,79.06,73.25,70.74,73.58,70.76,51.79,1284.0,0.6598,15.2,99.1,0.0102,0.1615,58.1,3.2
GSUP_00434,85.15,81.95,76.2,65.89,67.69,23.96,680.0,0.7472,6.7,6.1,0.0206,0.1511,52.5,2.9
GSUP_00579,86.56,88.43,74.24,49.87,50.92,49.88,110.0,0.7645,8.9,20.7,0.0044,0.107,41.6,2.4
GSUP_00144,70.12,75.1,89.08,48.77,57.33,35.06,1995.0,0.6649,17.3,4.5,0.089,0.1656,52.7,1.7
GSUP_00439,95.24,86.85,70.27,64.19,73.64,13.54,156.0,0.745,9.3,11.2,0.0056,0.135,58.7,2.8
GSUP_00495,78.8,83.9,62.44,49.34,56.46,23.93,881.0,0.8385,21.5,20.0,0.0097,0.1165,40.7,1.5
GSUP_00033,84.46,79.07,70.1,37.8,54.49,22.95,96.0,0.7595,10.7,72.3,0.005,0.1761,35.5,1.6
GSUP_00051,83.84,85.99,80.16,78.6,73.85,29.91,743.0,0.7422,5.9,13.9,0.0365,0.1998,61.6,3.0
GSUP_00209,89.15,86.61,71.55,84.18,76.19,24.76,102.0,0.7388,10.9,3.6,0.009,0.1837,62.2,3.6
GSUP_00099,89.98,81.76,65.8,51.29,56.04,40.73,197.0,0.7831,7.7,13.8,0.0013,0.1954,41.6,2.4
GSUP_00328,87.3,85.94,63.29,55.23,65.86,39.39,24.0,0.7871,7.6,5.8,0.0138,0.1346,57.8,2.1
GSUP_00352,68.28,72.11,76.26,51.96,60.28,41.99,162.0,0.698,9.7,8.3,0.1186,0.1086,46.1,2.1
GSUP_00597,74.18,77.02,74.31,64.56,71.44,70.84,108.0,0.7613,8.5,25.1,0.0239,0.1395,56.5,2.2
GSUP_00447,88.12,86.42,69.32,50.04,61.92,27.65,121.0,0.8123,7.4,3.7,0.0424,0.1082,49.5,1.9
GSUP_00486,83.85,84.06,83.72,54.48,47.27,31.82,110.0,0.7381,7.6,17.0,0.0469,0.1174,36.1,2.0
GSUP_00192,85.88,87.18,64.82,70.04,72.03,18.13,584.0,0.8433,8.6,24.6,0.0239,0.1687,58.8,2.5
GSUP_00166,87.97,85.4,82.01,46.22,60.05,29.59,50.0,0.8483,11.0,15.2,0.0088,0.11,53.8,2.2
GSUP_00108,89.1,91.92,86.52,59.92,46.28,30.85,316.0,0.8613,5.7,2.5,0.0197,0.1206,31.3,2.0
GSUP_00154,90.73,86.34,75.88,44.08,46.32,16.89,90.0,0.8222,6.5,103.6,0.01,0.1302,39.5,1.9
GSUP_00003,83.41,85.71,60.74,46.81,44.53,27.6,1448.0,0.7719,9.2,13.0,0.0265,0.1007,36.5,2.3
GSUP_00074,83.35,85.64,74.21,42.88,54.2,35.9,1399.0,0.777,9.2,38.2,0.0107,0.2,44.1,2.1
GSUP_00046,82.92,82.1,77.57,61.23,56.4,28.66,189.0,0.7883,13.5,11.5,0.0137,0.1841,49.5,2.7
GSUP_00310,86.43,82.43,82.11,59.45,53.09,24.71,399.0,0.8154,6.6,17.5,0.0254,0.1753,42.7,2.1
GSUP_00525,90.16,90.77,62.53,36.32,44.5,35.51,94.0,0.8572,10.6,13.8,0.0151,0.106,38.0,1.8
GSUP_00531,87.9,88.12,86.11,58.5,66.1,16.79,1095.0,0.8534,7.6,12.1,0.0021,0.122,56.5,2.1
GSUP_00345,95.28,89.93,91.26,42.82,45.41,14.5,189.0,0.7876,7.9,2.5,0.0098,0.1008,33.8,2.1
GSUP_00026,82.5,86.28,62.3,82.99,63.6,34.64,41.0,0.7608,6.0,12.7,0.0212,0.1711,52.4,3.5
GSUP_00477,96.04,92.98,65.89,71.22,70.65,32.55,94.0,0.8646,6.1,54.9,0.0025,0.1485,55.3,3.1
GSUP_00494,76.7,77.67,71.89,68.68,70.97,41.41,179.0,0.6808,8.2,30.1,0.0568,0.1562,56.1,2.3
GSUP_00337,80.82,81.46,65.7,71.48,73.0,32.91,307.0,0.77,7.6,5.8,0.0212,0.1438,56.8,2.9
GSUP_00285,70.77,76.08,65.03,57.28,71.71,38.74,1058.0,0.68,9.9,23.5,0.0347,0.1843,59.7,2.6
GSUP_00332,78.12,76.14,84.76,70.54,52.25,48.21,417.0,0.7376,12.8,55.5,0.0441,0.1913,42.2,3.2
GSUP_00333,89.41,91.88,62.22,50.42,59.24,36.32,154.0,0.8924,8.7,30.9,0.0111,0.1104,49.4,1.5
GSUP_00143,84.51,75.27,89.59,59.44,44.78,35.66,130.0,0.6922,10.6,5.9,0.0032,0.1334,35.7,2.8
GSUP_00165,90.06,90.7,65.98,46.25,54.9,24.98,155.0,0.7956,7.2,50.6,0.006,0.1051,35.9,1.4
GSUP_00238,85.51,86.71,83.96,88.51,82.01,31.59,124.0,0.8212,7.3,10.6,0.0326,0.2,65.8,3.7
GSUP_00500,74.52,84.17,57.33,39.53,42.25,30.22,1393.0,0.8407,17.0,16.5,0.0123,0.1024,34.1,1.8
GSUP_00255,83.33,84.59,77.22,49.29,65.09,31.45,79.0,0.798,8.5,19.9,0.0283,0.1051,53.3,1.6
GSUP_00374,92.93,94.25,90.53,49.0,69.71,20.36,205.0,0.8062,5.0,47.6,0.011,0.1098,52.8,1.5
GSUP_00372,85.47,83.49,74.94,82.02,58.97,31.21,300.0,0.7118,7.1,66.4,0.0248,0.1752,41.2,3.6
GSUP_00202,85.55,88.39,62.57,58.4,61.07,26.17,121.0,0.7938,8.2,65.7,0.018,0.1809,52.0,2.2
GSUP_00298,87.77,90.78,62.85,49.52,57.05,34.12,432.0,0.7983,7.1,2.2,0.0073,0.1029,44.3,1.6
GSUP_00296,73.32,74.51,66.14,67.68,79.59,49.17,527.0,0.7243,8.1,63.2,0.027,0.1372,64.5,3.0
GSUP_00545,82.21,84.71,92.8,81.39,65.99,29.68,277.0,0.8274,11.4,3.3,0.0183,0.2,51.4,3.6
GSUP_00289,84.84,77.43,94.67,58.36,45.82,26.23,426.0,0.6882,11.2,9.4,0.04,0.1621,36.6,2.4
GSUP_00067,80.97,82.54,71.17,44.47,60.41,41.87,423.0,0.7419,9.7,19.4,0.0387,0.13,46.1,1.4
GSUP_00055,81.93,85.07,69.69,47.13,65.28,35.36,292.0,0.7532,6.2,17.7,0.0109,0.1086,47.4,1.4
GSUP_00017,91.28,85.24,68.89,73.77,78.49,25.12,276.0,0.8407,7.3,24.3,0.017,0.1691,65.2,3.2
GSUP_00047,74.46,75.8,77.52,70.82,58.1,53.79,897.0,0.7015,16.1,17.7,0.0087,0.1582,43.5,2.9
GSUP_00503,93.73,89.61,82.33,51.65,53.34,20.6,39.0,0.8498,11.0,67.4,0.0094,0.1047,43.5,2.2
GSUP_00414,93.53,91.55,94.47,56.02,67.54,5.84,139.0,0.8352,5.7,8.6,0.0091,0.1301,56.1,2.6
GSUP_00483,92.07,84.86,72.75,64.84,53.44,21.43,20.0,0.8016,6.5,9.7,0.0056,0.13,39.8,2.5
GSUP_00540,69.45,73.91,84.86,69.78,66.53,59.28,215.0,0.671,10.0,62.8,0.01,0.1474,47.2,2.4
GSUP_00224,80.39,77.5,74.84,66.58,59.79,33.38,485.0,0.6982,8.8,3.9,0.0126,0.187,60.0,3.1
GSUP_00212,91.73,92.9,79.89,70.52,50.56,21.11,511.0,0.8781,7.9,24.6,0.0054,0.1483,37.8,2.9
GSUP_00418,90.93,88.15,67.59,49.79,58.31,28.35,612.0,0.8275,15.6,29.5,0.006,0.1558,49.8,2.1
GSUP_00264,89.16,84.81,75.94,76.26,72.98,40.09,51.0,0.7583,7.4,18.9,0.0206,0.1583,68.1,3.5
GSUP_00349,82.37,85.56,82.73,82.45,64.37,32.32,290.0,0.7464,6.1,30.4,0.0033,0.1724,55.4,3.7
GSUP_00542,84.19,83.12,83.32,63.93,52.6,38.88,459.0,0.7525,13.2,6.6,0.0386,0.1477,40.6,2.6
GSUP_00380,84.75,87.63,84.17,60.0,64.54,29.44,113.0,0.7994,5.6,48.0,0.0091,0.1487,51.3,2.2
GSUP_00520,76.64,76.0,83.37,40.35,60.22,44.87,1020.0,0.7177,17.0,5.6,0.0378,0.0946,44.0,2.1
